"";"fecha";"valor"
"1";"2012-03-02";1771,416
"2";"2012-03-03";3163,136
"3";"2012-03-04";3139,684
"4";"2012-03-05";3170,836
"5";"2012-03-06";3062,992
"6";"2012-03-07";3027,308
"7";"2012-03-08";2937,108
"8";"2012-03-09";2920,432
"9";"2012-03-10";2636,06
"10";"2012-03-11";1127,608
"11";"2012-03-12";2707,296
"12";"2012-03-13";2892,404
"13";"2012-03-14";2851,088
"14";"2012-03-15";2872,692
"15";"2012-03-16";2644,024
"16";"2012-03-17";2883,956
"17";"2012-03-18";2726,92
"18";"2012-03-19";2871,46
"19";"2012-03-20";2803,92
"20";"2012-03-21";2948,812
"21";"2012-03-22";2874,716
"22";"2012-03-23";1392,708
"23";"2012-03-24";2756,092
"24";"2012-03-25";3065,324
"25";"2012-03-26";3007,288
"26";"2012-03-27";3067,788
"27";"2012-03-28";3062,552
"28";"2012-03-29";3044,688
"29";"2012-03-30";3039,584
"30";"2012-03-31";2798,068
"31";"2012-04-01";1573,724
"32";"2012-04-02";2734,752
"33";"2012-04-03";2997,52
"34";"2012-04-04";2853,904
"35";"2012-04-05";2969,184
"36";"2012-04-06";3005,44
"37";"2012-04-07";2968,084
"38";"2012-04-08";1431,34
"39";"2012-04-09";2698,364
"40";"2012-04-10";2932,972
"41";"2012-04-11";2363,392
"42";"2012-04-12";2833,972
"43";"2012-04-13";2920,344
"44";"2012-04-14";2886,332
"45";"2012-04-15";3041,96
"46";"2012-04-16";3010,236
"47";"2012-04-17";2884,484
"48";"2012-04-18";2875,64
"49";"2012-04-19";3027,352
"50";"2012-04-20";2889,94
"51";"2012-04-21";2826,888
"52";"2012-04-22";1328,556
"53";"2012-04-23";2834,5
"54";"2012-04-24";2860,548
"55";"2012-04-25";1955,688
"56";"2012-04-26";1946,492
"57";"2012-04-27";2962,012
"58";"2012-04-28";2979,48
"59";"2012-04-29";3046,536
"60";"2012-04-30";2944,06
"61";"2012-05-01";2983,836
"62";"2012-05-02";3088,6
"63";"2012-05-03";3135,24
"64";"2012-05-04";2826,14
"65";"2012-05-05";2849,636
"66";"2012-05-06";2251,984
"67";"2012-05-07";2659,996
"68";"2012-05-08";2851,264
"69";"2012-05-09";2967,776
"70";"2012-05-10";3149,408
"71";"2012-05-11";2918,54
"72";"2012-05-12";2726,348
"73";"2012-05-13";2422,616
"74";"2012-05-14";2767,004
"75";"2012-05-15";2918,188
"76";"2012-05-16";2645,696
"77";"2012-05-17";3102,988
"78";"2012-05-18";3057,756
"79";"2012-05-19";3150,244
"80";"2012-05-20";3100,436
"81";"2012-05-21";2930,64
"82";"2012-05-22";3362,808
"83";"2012-05-23";3305,08
"84";"2012-05-24";3140,564
"85";"2012-05-25";3089,832
"86";"2012-05-26";2909,124
"87";"2012-05-27";3161,464
"88";"2012-05-28";2237,992
"89";"2012-05-29";3035,668
"90";"2012-05-30";3280,264
"91";"2012-05-31";3372,18
"92";"2012-06-01";3321,536
"93";"2012-06-02";3328,048
"94";"2012-06-03";3392,112
"95";"2012-06-04";2129,884
"96";"2012-06-05";2545,024
"97";"2012-06-06";3320,48
"98";"2012-06-07";3308,864
"99";"2012-06-08";3390,484
"100";"2012-06-09";2966,28
"101";"2012-06-10";3112,184
"102";"2012-06-11";3007,464
"103";"2012-06-12";3179,944
"104";"2012-06-13";3361,972
"105";"2012-06-14";3260,332
"106";"2012-06-15";3161,552
"107";"2012-06-16";3268,868
"108";"2012-06-17";1977,028
"109";"2012-06-18";3106,376
"110";"2012-06-19";3365,624
"111";"2012-06-20";3128,332
"112";"2012-06-21";3788,904
"113";"2012-06-22";3727,744
"114";"2012-06-23";3522,396
"115";"2012-06-24";3592,004
"116";"2012-06-25";3640,58
"117";"2012-06-26";2481,136
"118";"2012-06-27";3193,056
"119";"2012-06-28";3894,46
"120";"2012-06-29";3534,056
"121";"2012-06-30";3435,716
"122";"2012-07-01";3561,204
"123";"2012-07-02";3520,504
"124";"2012-07-03";3491,024
"125";"2012-07-04";3782,348
"126";"2012-07-05";3549,104
"127";"2012-07-06";3632,66
"128";"2012-07-07";2952,552
"129";"2012-07-08";1981,604
"130";"2012-07-09";3642,956
"131";"2012-07-10";3691,84
"132";"2012-07-11";3536,696
"133";"2012-07-12";3833,652
"134";"2012-07-13";3823,224
"135";"2012-07-14";3334,164
"136";"2012-07-15";2740,56
"137";"2012-07-16";3453,888
"138";"2012-07-17";2309,888
"139";"2012-07-18";3558,916
"140";"2012-07-19";3530,184
"141";"2012-07-20";3425,948
"142";"2012-07-21";3291,572
"143";"2012-07-22";3128,024
"144";"2012-07-23";3241,456
"145";"2012-07-24";3390,748
"146";"2012-07-25";3096,696
"147";"2012-07-26";3364,524
"148";"2012-07-27";3337,86
"149";"2012-07-28";3235,032
"150";"2012-07-29";1586,176
"151";"2012-07-30";3194,42
"152";"2012-07-31";3178,316
"153";"2012-08-01";3191,868
"154";"2012-08-02";3273,532
"155";"2012-08-03";3249,42
"156";"2012-08-04";3184,828
"157";"2012-08-05";1416,864
"158";"2012-08-06";2881,14
"159";"2012-08-07";3445,66
"160";"2012-08-08";3473,116
"161";"2012-08-09";3543,032
"162";"2012-08-10";3448,036
"163";"2012-08-11";3220,732
"164";"2012-08-12";1693,756
"165";"2012-08-13";3139,464
"166";"2012-08-14";3173,916
"167";"2012-08-15";3090,8
"168";"2012-08-16";3185,664
"169";"2012-08-17";3049,968
"170";"2012-08-18";2663,12
"171";"2012-08-19";1453,12
"172";"2012-08-20";3297,908
"173";"2012-08-21";3306,532
"174";"2012-08-22";3321,448
"175";"2012-08-23";3410,724
"176";"2012-08-24";3443,108
"177";"2012-08-25";3381,948
"178";"2012-08-26";2495,304
"179";"2012-08-27";3182,276
"180";"2012-08-28";3506,996
"181";"2012-08-29";3438,092
"182";"2012-08-30";3570,268
"183";"2012-08-31";3427,444
"184";"2012-09-01";3473,424
"185";"2012-09-02";2557,784
"186";"2012-09-03";3435,76
"187";"2012-09-04";3609,912
"188";"2012-09-05";3464,58
"189";"2012-09-06";3564,768
"190";"2012-09-07";3552,58
"191";"2012-09-08";3613,652
"192";"2012-09-09";2713,764
"193";"2012-09-10";3419,7
"194";"2012-09-11";3461,192
"195";"2012-09-12";3525,564
"196";"2012-09-13";3454,724
"197";"2012-09-14";3553,9
"198";"2012-09-15";3675,912
"199";"2012-09-16";2761,328
"200";"2012-09-17";3388,768
"201";"2012-09-18";3748,82
"202";"2012-09-19";4053,784
"203";"2012-09-20";4020,124
"204";"2012-09-21";3735,312
"205";"2012-09-22";3554,868
"206";"2012-09-23";1543,364
"207";"2012-09-24";2934,072
"208";"2012-09-25";3223,108
"209";"2012-09-26";3074,08
"210";"2012-09-27";3291,66
"211";"2012-09-28";3446,188
"212";"2012-09-29";3212,064
"213";"2012-09-30";1881,856
"214";"2012-10-01";3510,032
"215";"2012-10-02";3770,424
"216";"2012-10-03";3739,756
"217";"2012-10-04";3978,896
"218";"2012-10-05";3636,4
"219";"2012-10-06";2901,424
"220";"2012-10-07";1336,696
"221";"2012-10-08";3464,536
"222";"2012-10-09";3901,456
"223";"2012-10-10";3749,744
"224";"2012-10-11";3603,136
"225";"2012-10-12";3581,048
"226";"2012-10-13";3604,148
"227";"2012-10-14";2729,56
"228";"2012-10-15";3457,056
"229";"2012-10-16";3937,712
"230";"2012-10-17";3082,704
"231";"2012-10-18";3368,176
"232";"2012-10-19";3847,952
"233";"2012-10-20";3374,732
"234";"2012-10-21";1652,132
"235";"2012-10-22";3680,312
"236";"2012-10-23";3827,316
"237";"2012-10-24";3860,624
"238";"2012-10-25";3871,8
"239";"2012-10-26";3991,92
"240";"2012-10-27";3947,876
"241";"2012-10-28";3761,712
"242";"2012-10-29";3722,112
"243";"2012-10-30";3675,296
"244";"2012-10-31";3654,44
"245";"2012-11-01";3836,16
"246";"2012-11-02";3715,776
"247";"2012-11-03";3481,784
"248";"2012-11-04";1383,82
"249";"2012-11-05";3628,084
"250";"2012-11-06";3873,824
"251";"2012-11-07";3956,632
"252";"2012-11-08";4149,528
"253";"2012-11-09";4013,216
"254";"2012-11-10";3689,244
"255";"2012-11-11";1813,304
"256";"2012-11-12";4007,012
"257";"2012-11-13";4021,708
"258";"2012-11-14";4044,016
"259";"2012-11-15";4021,488
"260";"2012-11-16";4054,356
"261";"2012-11-17";3998,872
"262";"2012-11-18";4003,14
"263";"2012-11-19";3742,66
"264";"2012-11-20";3986,112
"265";"2012-11-21";4001,292
"266";"2012-11-22";3774,296
"267";"2012-11-23";3653,296
"268";"2012-11-24";3226,32
"269";"2012-11-25";1462,052
"270";"2012-11-26";3319,996
"271";"2012-11-27";3889,928
"272";"2012-11-28";3936,436
"273";"2012-11-29";3954,916
"274";"2012-11-30";3716,48
"275";"2012-12-01";3540,084
"276";"2012-12-02";1766,488
"277";"2012-12-03";3627,82
"278";"2012-12-04";3744,156
"279";"2012-12-05";3730,78
"280";"2012-12-06";3553,108
"281";"2012-12-07";3467,484
"282";"2012-12-08";3444,208
"283";"2012-12-09";1493,16
"284";"2012-12-10";3455,824
"285";"2012-12-11";3632,748
"286";"2012-12-12";3590,068
"287";"2012-12-13";3587,516
"288";"2012-12-14";3440,336
"289";"2012-12-15";3337,156
"290";"2012-12-16";3374,38
"291";"2012-12-17";3440,864
"292";"2012-12-18";3611,408
"293";"2012-12-19";1714,128
"294";"2012-12-20";3586,152
"295";"2012-12-21";3947,964
"296";"2012-12-22";3961,824
"297";"2012-12-23";2222,328
"298";"2012-12-24";2637,028
"299";"2012-12-25";3386,436
"300";"2012-12-26";1318,26
"301";"2012-12-27";3253,864
"302";"2012-12-28";3607,712
"303";"2012-12-29";3911,268
"304";"2012-12-30";3812,18
"305";"2012-12-31";3731,264
"306";"2013-01-01";3436,2
"307";"2013-01-02";3449,224
"308";"2013-01-03";3907,572
"309";"2013-01-04";3600,54
"310";"2013-01-05";3117,244
"311";"2013-01-06";1283,72
"312";"2013-01-07";3701,476
"313";"2013-01-08";3797,22
"314";"2013-01-09";3805,184
"315";"2013-01-10";3902,864
"316";"2013-01-11";3594,556
"317";"2013-01-12";3860,932
"318";"2013-01-13";3782,26
"319";"2013-01-14";3843,64
"320";"2013-01-15";3934,632
"321";"2013-01-16";3848,436
"322";"2013-01-17";3924,072
"323";"2013-01-18";3973,484
"324";"2013-01-19";3570,312
"325";"2013-01-20";1424,388
"326";"2013-01-21";3532,736
"327";"2013-01-22";3784,328
"328";"2013-01-23";3738,48
"329";"2013-01-24";3751,724
"330";"2013-01-25";3763,604
"331";"2013-01-26";3610,264
"332";"2013-01-27";1472,612
"333";"2013-01-28";3508,756
"334";"2013-01-29";3515,884
"335";"2013-01-30";3575,768
"336";"2013-01-31";3804,04
"337";"2013-02-01";2869,304
"338";"2013-02-02";3406,588
"339";"2013-02-03";1530,912
"340";"2013-02-04";3713,884
"341";"2013-02-05";4077,324
"342";"2013-02-06";3885,66
"343";"2013-02-07";3887,596
"344";"2013-02-08";3696,592
"345";"2013-02-09";3497,096
"346";"2013-02-10";3742,088
"347";"2013-02-11";3704,204
"348";"2013-02-12";3686,472
"349";"2013-02-13";3731,264
"350";"2013-02-14";3649,908
"351";"2013-02-15";3680,532
"352";"2013-02-16";3679,168
"353";"2013-02-17";3607,668
"354";"2013-02-18";3648,368
"355";"2013-02-19";3776,496
"356";"2013-02-20";3808
"357";"2013-02-21";3681,72
"358";"2013-02-22";3680,136
"359";"2013-02-23";3504,4
"360";"2013-02-24";1509,044
"361";"2013-02-25";3536,784
"362";"2013-02-26";3751,24
"363";"2013-02-27";3716,524
"364";"2013-02-28";3730,296
"365";"2013-03-01";3638,248
"366";"2013-03-02";3339,972
"367";"2013-03-03";1261,544
"368";"2013-03-04";3037,824
"369";"2013-03-05";4041,728
"370";"2013-03-06";3986,42
"371";"2013-03-07";4068,084
"372";"2013-03-08";3884,648
"373";"2013-03-09";3724,092
"374";"2013-03-10";4047,052
"375";"2013-03-11";3685,152
"376";"2013-03-12";4011,896
"377";"2013-03-13";3911,664
"378";"2013-03-14";4010,752
"379";"2013-03-15";3940,924
"380";"2013-03-16";3794,316
"381";"2013-03-17";2473,832
"382";"2013-03-18";3462,512
"383";"2013-03-19";3564,988
"384";"2013-03-20";3393,212
"385";"2013-03-21";3488,032
"386";"2013-03-22";3255,052
"387";"2013-03-23";3276,172
"388";"2013-03-24";1485,24
"389";"2013-03-25";3106,64
"390";"2013-03-26";3272,08
"391";"2013-03-27";3222,36
"392";"2013-03-28";3245,46
"393";"2013-03-29";3362,412
"394";"2013-03-30";1878,732
"395";"2013-03-31";1156,076
"396";"2013-04-01";3484,776
"397";"2013-04-02";3671,556
"398";"2013-04-03";3782,656
"399";"2013-04-04";3737,16
"400";"2013-04-05";3548,972
"401";"2013-04-06";3544,264
"402";"2013-04-07";3435,76
"403";"2013-04-08";3588,572
"404";"2013-04-09";3814,556
"405";"2013-04-10";3556,012
"406";"2013-04-11";3696,548
"407";"2013-04-12";2160,508
"408";"2013-04-13";2786,276
"409";"2013-04-14";3924,468
"410";"2013-04-15";3694,92
"411";"2013-04-16";3789,476
"412";"2013-04-17";3892,128
"413";"2013-04-18";4032,928
"414";"2013-04-19";4118,112
"415";"2013-04-20";4059,636
"416";"2013-04-21";3845,136
"417";"2013-04-22";4081,108
"418";"2013-04-23";3956,368
"419";"2013-04-24";3792,204
"420";"2013-04-25";3933,268
"421";"2013-04-26";4091,008
"422";"2013-04-27";3893,756
"423";"2013-04-28";2905,164
"424";"2013-04-29";3642,692
"425";"2013-04-30";3956,148
"426";"2013-05-01";3772,052
"427";"2013-05-02";4002,48
"428";"2013-05-03";3971,988
"429";"2013-05-04";3711,288
"430";"2013-05-05";1570,688
"431";"2013-05-06";3086,972
"432";"2013-05-07";3723,124
"433";"2013-05-08";3790,356
"434";"2013-05-09";4000,28
"435";"2013-05-10";3741,472
"436";"2013-05-11";3991,612
"437";"2013-05-12";2740,956
"438";"2013-05-13";3937,096
"439";"2013-05-14";4164,4
"440";"2013-05-15";4053,388
"441";"2013-05-16";3871,14
"442";"2013-05-17";3781,38
"443";"2013-05-18";3668,3
"444";"2013-05-19";1609,848
"445";"2013-05-20";3680,84
"446";"2013-05-21";3933,18
"447";"2013-05-22";3672,348
"448";"2013-05-23";3957,204
"449";"2013-05-24";3999,224
"450";"2013-05-25";3915,668
"451";"2013-05-26";3946,248
"452";"2013-05-27";3777,42
"453";"2013-05-28";1411,364
"454";"2013-05-29";1193,696
"455";"2013-05-30";2935,656
"456";"2013-05-31";3836,028
"457";"2013-06-01";4064,036
"458";"2013-06-02";2610,892
"459";"2013-06-03";3899,388
"460";"2013-06-04";4125,064
"461";"2013-06-05";4147,152
"462";"2013-06-06";3987,784
"463";"2013-06-07";4017,044
"464";"2013-06-08";4150,804
"465";"2013-06-09";2892,052
"466";"2013-06-10";3821,42
"467";"2013-06-11";4153,224
"468";"2013-06-12";3858,82
"469";"2013-06-13";3973,308
"470";"2013-06-14";3977,048
"471";"2013-06-15";4039,66
"472";"2013-06-16";2682,744
"473";"2013-06-17";3923,632
"474";"2013-06-18";4181,868
"475";"2013-06-19";4200,964
"476";"2013-06-20";4197,972
"477";"2013-06-21";4248,44
"478";"2013-06-22";4180,504
"479";"2013-06-23";2627,7
"480";"2013-06-24";3655,276
"481";"2013-06-25";4338,112
"482";"2013-06-26";4100,292
"483";"2013-06-27";4112,832
"484";"2013-06-28";3240,796
"485";"2013-06-29";1652,968
"486";"2013-06-30";4097,916
"487";"2013-07-01";3823,928
"488";"2013-07-02";4268,768
"489";"2013-07-03";4238,672
"490";"2013-07-04";4271,496
"491";"2013-07-05";4147,196
"492";"2013-07-06";4287,688
"493";"2013-07-07";3126,22
"494";"2013-07-08";4134,392
"495";"2013-07-09";4191,284
"496";"2013-07-10";4169,504
"497";"2013-07-11";4257,02
"498";"2013-07-12";4302,912
"499";"2013-07-13";3759,424
"500";"2013-07-14";1742,42
"501";"2013-07-15";3623,2
"502";"2013-07-16";4014,976
"503";"2013-07-17";4097,256
"504";"2013-07-18";4128,584
"505";"2013-07-19";3637,632
"506";"2013-07-20";3841,616
"507";"2013-07-21";2690,444
"508";"2013-07-22";684,396
"509";"2013-07-23";1074,852
"510";"2013-07-24";847,636
"511";"2013-07-25";1335,508
"512";"2013-07-26";2894,516
"513";"2013-07-27";3365,492
"514";"2013-07-28";2723,18
"515";"2013-07-29";3454,02
"516";"2013-07-30";3959,448
"517";"2013-07-31";4019,904
"518";"2013-08-01";3317,708
"519";"2013-08-02";3608,196
"520";"2013-08-03";4114,196
"521";"2013-08-04";4250,684
"522";"2013-08-05";4186,048
"523";"2013-08-06";4148,868
"524";"2013-08-07";4265,204
"525";"2013-08-08";4130,828
"526";"2013-08-09";4137,692
"527";"2013-08-10";4018,496
"528";"2013-08-11";4058,36
"529";"2013-08-12";3229,356
"530";"2013-08-13";3974,232
"531";"2013-08-14";4194,32
"532";"2013-08-15";4306,124
"533";"2013-08-16";4142,664
"534";"2013-08-17";4290,856
"535";"2013-08-18";3262,752
"536";"2013-08-19";4081,68
"537";"2013-08-20";4074,86
"538";"2013-08-21";4356,284
"539";"2013-08-22";4480,1
"540";"2013-08-23";4045,732
"541";"2013-08-24";3756,74
"542";"2013-08-25";1823,292
"543";"2013-08-26";4197,708
"544";"2013-08-27";4351,312
"545";"2013-08-28";4229,652
"546";"2013-08-29";4312,46
"547";"2013-08-30";4261,64
"548";"2013-08-31";3933,224
"549";"2013-09-01";1939,892
"550";"2013-09-02";4080,184
"551";"2013-09-03";4321,172
"552";"2013-09-04";3849,492
"553";"2013-09-05";4295,828
"554";"2013-09-06";4210,204
"555";"2013-09-07";4135,36
"556";"2013-09-08";3091,24
"557";"2013-09-09";3805,228
"558";"2013-09-10";4042,08
"559";"2013-09-11";3996,672
"560";"2013-09-12";3959,492
"561";"2013-09-13";3893,404
"562";"2013-09-14";3344,196
"563";"2013-09-15";936,516
"564";"2013-09-16";3136,472
"565";"2013-09-17";3685,944
"566";"2013-09-18";3776,628
"567";"2013-09-19";3800,872
"568";"2013-09-20";3716,524
"569";"2013-09-21";3691,532
"570";"2013-09-22";1669,644
"571";"2013-09-23";3285,236
"572";"2013-09-24";3744,772
"573";"2013-09-25";3668,08
"574";"2013-09-26";3607,624
"575";"2013-09-27";3610,528
"576";"2013-09-28";3357,396
"577";"2013-09-29";1134,956
"578";"2013-09-30";3026,252
"579";"2013-10-01";3774,384
"580";"2013-10-02";4070,328
"581";"2013-10-03";3750,712
"582";"2013-10-04";3572,072
"583";"2013-10-05";3641,372
"584";"2013-10-06";1777,092
"585";"2013-10-07";3165,776
"586";"2013-10-08";3831,54
"587";"2013-10-09";3969,436
"588";"2013-10-10";4056,028
"589";"2013-10-11";4180,944
"590";"2013-10-12";4404,904
"591";"2013-10-13";4119,256
"592";"2013-10-14";3893,316
"593";"2013-10-15";3877,784
"594";"2013-10-16";4032,356
"595";"2013-10-17";4021,444
"596";"2013-10-18";4183,32
"597";"2013-10-19";4069,316
"598";"2013-10-20";3762,196
"599";"2013-10-21";3791,412
"600";"2013-10-22";4043,752
"601";"2013-10-23";4254,688
"602";"2013-10-24";4230,664
"603";"2013-10-25";3911,532
"604";"2013-10-26";4257,9
"605";"2013-10-27";2357,144
"606";"2013-10-28";3290,868
"607";"2013-10-29";4413,22
"608";"2013-10-30";4302,164
"609";"2013-10-31";4255,656
"610";"2013-11-01";3907,308
"611";"2013-11-02";4003,052
"612";"2013-11-03";3776,628
"613";"2013-11-04";3881,788
"614";"2013-11-05";4169,46
"615";"2013-11-06";4202,02
"616";"2013-11-07";4089,204
"617";"2013-11-08";4042,828
"618";"2013-11-09";4275,236
"619";"2013-11-10";2162,048
"620";"2013-11-11";3310,404
"621";"2013-11-12";4028,704
"622";"2013-11-13";4096,684
"623";"2013-11-14";4171,176
"624";"2013-11-15";4312,9
"625";"2013-11-16";4237,88
"626";"2013-11-17";2226,596
"627";"2013-11-18";3568,904
"628";"2013-11-19";4258,692
"629";"2013-11-20";4219,928
"630";"2013-11-21";4272,42
"631";"2013-11-22";4128,716
"632";"2013-11-23";4124,58
"633";"2013-11-24";1964,576
"634";"2013-11-25";3544,704
"635";"2013-11-26";4286,896
"636";"2013-11-27";4380,22
"637";"2013-11-28";4201,624
"638";"2013-11-29";4073,804
"639";"2013-11-30";4125,284
"640";"2013-12-01";4279,372
"641";"2013-12-02";1955,556
"642";"2013-12-03";3344,768
"643";"2013-12-04";4224,196
"644";"2013-12-05";4315,452
"645";"2013-12-06";4307,532
"646";"2013-12-07";4210,644
"647";"2013-12-08";2221,008
"648";"2013-12-09";3507,788
"649";"2013-12-10";4321,216
"650";"2013-12-11";4309,996
"651";"2013-12-12";4380,836
"652";"2013-12-13";4329,708
"653";"2013-12-14";4400,724
"654";"2013-12-15";4429,368
"655";"2013-12-16";4334,812
"656";"2013-12-17";4512,352
"657";"2013-12-18";4485,688
"658";"2013-12-19";2366,208
"659";"2013-12-20";3143,204
"660";"2013-12-21";4217,684
"661";"2013-12-22";4391,572
"662";"2013-12-23";4480,804
"663";"2013-12-24";4392,496
"664";"2013-12-25";4052,068
"665";"2013-12-26";1797,42
"666";"2013-12-27";1924,976
"667";"2013-12-28";4219,708
"668";"2013-12-29";4434,252
"669";"2013-12-30";4419,908
"670";"2013-12-31";4364,028
"671";"2014-01-01";4437,376
"672";"2014-01-02";4269,648
"673";"2014-01-03";4178,744
"674";"2014-01-04";4370,804
"675";"2014-01-05";3832,552
"676";"2014-01-06";2046,724
"677";"2014-01-07";4154,06
"678";"2014-01-08";4494,796
"679";"2014-01-09";4544,12
"680";"2014-01-10";4554,064
"681";"2014-01-11";4582,796
"682";"2014-01-12";4254,38
"683";"2014-01-13";2672,624
"684";"2014-01-14";4301,24
"685";"2014-01-15";4547,728
"686";"2014-01-16";4444,46
"687";"2014-01-17";3055,16
"688";"2014-01-18";4325,572
"689";"2014-01-19";2204,42
"690";"2014-01-20";4092,856
"691";"2014-01-21";4391,528
"692";"2014-01-22";4326,628
"693";"2014-01-23";4272,42
"694";"2014-01-24";4163,696
"695";"2014-01-25";3722,86
"696";"2014-01-26";1698,816
"697";"2014-01-27";4168,668
"698";"2014-01-28";4165,852
"699";"2014-01-29";3984,396
"700";"2014-01-30";3734,344
"701";"2014-01-31";3706,184
"702";"2014-02-01";3253,16
"703";"2014-02-02";1721,916
"704";"2014-02-03";3997,068
"705";"2014-02-04";4300,36
"706";"2014-02-05";4358,836
"707";"2014-02-06";4152,96
"708";"2014-02-07";2989,072
"709";"2014-02-08";3921,3
"710";"2014-02-09";1549,656
"711";"2014-02-10";2792,788
"712";"2014-02-11";4301,944
"713";"2014-02-12";4509,624
"714";"2014-02-13";4552,788
"715";"2014-02-14";4367,988
"716";"2014-02-15";4513,276
"717";"2014-02-16";1999,292
"718";"2014-02-17";4113,888
"719";"2014-02-18";4553,8
"720";"2014-02-19";4536,596
"721";"2014-02-20";4518,512
"722";"2014-02-21";3953,464
"723";"2014-02-22";4239,024
"724";"2014-02-23";3336,716
"725";"2014-02-24";4240,608
"726";"2014-02-25";4457,44
"727";"2014-02-26";4568,76
"728";"2014-02-27";4607,524
"729";"2014-02-28";4434,868
"730";"2014-03-01";4098,884
"731";"2014-03-02";1769,436
"732";"2014-03-03";4128,98
"733";"2014-03-04";4423,384
"734";"2014-03-05";4155,116
"735";"2014-03-06";4399,756
"736";"2014-03-07";4324,12
"737";"2014-03-08";4105,044
"738";"2014-03-09";1633,608
"739";"2014-03-10";4292,176
"740";"2014-03-11";4662,568
"741";"2014-03-12";4523,396
"742";"2014-03-13";4443,668
"743";"2014-03-14";4283,772
"744";"2014-03-15";3874,572
"745";"2014-03-16";1968,052
"746";"2014-03-17";4384,884
"747";"2014-03-18";4455,768
"748";"2014-03-19";4449,872
"749";"2014-03-20";4570,212
"750";"2014-03-21";4221,424
"751";"2014-03-22";3739,008
"752";"2014-03-23";1541,164
"753";"2014-03-24";4152,036
"754";"2014-03-25";4090,744
"755";"2014-03-26";4003,052
"756";"2014-03-27";2003,208
"757";"2014-03-28";972,772
"758";"2014-03-29";3026,296
"759";"2014-03-30";4312,24
"760";"2014-03-31";4216,892
"761";"2014-04-01";4348,408
"762";"2014-04-02";4673,744
"763";"2014-04-03";4758,928
"764";"2014-04-04";4465,404
"765";"2014-04-05";4380
"766";"2014-04-06";2549,512
"767";"2014-04-07";4458,848
"768";"2014-04-08";4685,888
"769";"2014-04-09";4732,264
"770";"2014-04-10";4653,636
"771";"2014-04-11";4559,872
"772";"2014-04-12";3992,052
"773";"2014-04-13";2566,672
"774";"2014-04-14";4326,1
"775";"2014-04-15";4438,608
"776";"2014-04-16";4471,036
"777";"2014-04-17";4309,688
"778";"2014-04-18";4233,7
"779";"2014-04-19";3981,844
"780";"2014-04-20";2117,784
"781";"2014-04-21";4398,216
"782";"2014-04-22";4613,376
"783";"2014-04-23";4167,964
"784";"2014-04-24";4223,316
"785";"2014-04-25";2732,728
"786";"2014-04-26";3138,188
"787";"2014-04-27";1094,344
"788";"2014-04-28";4572,236
"789";"2014-04-29";4695,26
"790";"2014-04-30";4652,976
"791";"2014-05-01";4522,56
"792";"2014-05-02";4272,068
"793";"2014-05-03";3808,264
"794";"2014-05-04";1828,22
"795";"2014-05-05";3944,972
"796";"2014-05-06";4307,708
"797";"2014-05-07";4400,856
"798";"2014-05-08";4418,236
"799";"2014-05-09";4125,196
"800";"2014-05-10";3915,096
"801";"2014-05-11";1946,14
"802";"2014-05-12";3709,572
"803";"2014-05-13";3785,296
"804";"2014-05-14";3889,664
"805";"2014-05-15";4305,332
"806";"2014-05-16";4293,936
"807";"2014-05-17";4102,14
"808";"2014-05-18";1572,272
"809";"2014-05-19";4143,456
"810";"2014-05-20";4150,276
"811";"2014-05-21";4276,38
"812";"2014-05-22";4259,044
"813";"2014-05-23";3644,54
"814";"2014-05-24";3155,304
"815";"2014-05-25";1605,096
"816";"2014-05-26";3944,928
"817";"2014-05-27";4152,784
"818";"2014-05-28";4337,804
"819";"2014-05-29";4544,428
"820";"2014-05-30";4148,34
"821";"2014-05-31";3627,468
"822";"2014-06-01";1489,64
"823";"2014-06-02";4265,864
"824";"2014-06-03";4482,036
"825";"2014-06-04";4252,268
"826";"2014-06-05";4573,82
"827";"2014-06-06";4568,32
"828";"2014-06-07";4360,156
"829";"2014-06-08";2145,68
"830";"2014-06-09";4312,9
"831";"2014-06-10";4743,528
"832";"2014-06-11";4622
"833";"2014-06-12";4727,468
"834";"2014-06-13";4666,132
"835";"2014-06-14";4524,716
"836";"2014-06-15";3128,684
"837";"2014-06-16";4380,704
"838";"2014-06-17";4715,06
"839";"2014-06-18";4635,332
"840";"2014-06-19";4593,532
"841";"2014-06-20";4538,18
"842";"2014-06-21";4328,124
"843";"2014-06-22";1693,888
"844";"2014-06-23";4405,124
"845";"2014-06-24";4600,44
"846";"2014-06-25";4698,868
"847";"2014-06-26";4661,468
"848";"2014-06-27";4536,596
"849";"2014-06-28";4292,572
"850";"2014-06-29";2574,46
"851";"2014-06-30";4289,58
"852";"2014-07-01";4403,584
"853";"2014-07-02";4525,332
"854";"2014-07-03";4607,524
"855";"2014-07-04";4609,724
"856";"2014-07-05";4208,092
"857";"2014-07-06";1987,852
"858";"2014-07-07";4268,592
"859";"2014-07-08";4567,968
"860";"2014-07-09";4647,476
"861";"2014-07-10";4039,704
"862";"2014-07-11";3442,184
"863";"2014-07-12";3279,56
"864";"2014-07-13";1438,116
"865";"2014-07-14";4328,168
"866";"2014-07-15";4519,7
"867";"2014-07-16";4547,772
"868";"2014-07-17";4552,832
"869";"2014-07-18";4573,512
"870";"2014-07-19";3878,84
"871";"2014-07-20";1735,952
"872";"2014-07-21";4313,296
"873";"2014-07-22";4451,544
"874";"2014-07-23";3824,06
"875";"2014-07-24";4505,224
"876";"2014-07-25";4401,648
"877";"2014-07-26";4377,184
"878";"2014-07-27";2267,12
"879";"2014-07-28";4488,372
"880";"2014-07-29";4627,236
"881";"2014-07-30";4482,036
"882";"2014-07-31";4521,856
"883";"2014-08-01";4448,156
"884";"2014-08-02";4202,68
"885";"2014-08-03";1898,796
"886";"2014-08-04";4351,532
"887";"2014-08-05";4631,9
"888";"2014-08-06";4636,036
"889";"2014-08-07";4543,988
"890";"2014-08-08";4644,572
"891";"2014-08-09";4366,14
"892";"2014-08-10";2409,636
"893";"2014-08-11";2935,48
"894";"2014-08-12";4476,58
"895";"2014-08-13";4587,592
"896";"2014-08-14";4530,216
"897";"2014-08-15";4606,864
"898";"2014-08-16";4525,464
"899";"2014-08-17";3175,72
"900";"2014-08-18";3748,38
"901";"2014-08-19";4662,04
"902";"2014-08-20";4511,34
"903";"2014-08-21";4496,996
"904";"2014-08-22";4604,4
"905";"2014-08-23";4208,224
"906";"2014-08-24";1622,124
"907";"2014-08-25";4509,712
"908";"2014-08-26";4708,196
"909";"2014-08-27";4603,96
"910";"2014-08-28";4606,952
"911";"2014-08-29";4564,756
"912";"2014-08-30";4230,268
"913";"2014-08-31";2510,792
"914";"2014-09-01";4600,132
"915";"2014-09-02";4120,488
"916";"2014-09-03";4644,924
"917";"2014-09-04";4260,672
"918";"2014-09-05";4256,536
"919";"2014-09-06";3873,868
"920";"2014-09-07";1723,28
"921";"2014-09-08";4179,58
"922";"2014-09-09";4335,296
"923";"2014-09-10";4523,88
"924";"2014-09-11";4721,396
"925";"2014-09-12";4582,752
"926";"2014-09-13";4021,796
"927";"2014-09-14";2103,352
"928";"2014-09-15";4701,332
"929";"2014-09-16";4797,78
"930";"2014-09-17";3712,344
"931";"2014-09-18";4486,436
"932";"2014-09-19";4765
"933";"2014-09-20";4614,256
"934";"2014-09-21";2917,704
"935";"2014-09-22";4603,96
"936";"2014-09-23";4632,164
"937";"2014-09-24";4377,844
"938";"2014-09-25";4720,252
"939";"2014-09-26";3953,816
"940";"2014-09-27";1325,916
"941";"2014-09-28";1529,592
"942";"2014-09-29";4408,6
"943";"2014-09-30";4753,648
"944";"2014-10-01";4701,288
"945";"2014-10-02";4633,396
"946";"2014-10-03";4588,956
"947";"2014-10-04";4276,468
"948";"2014-10-05";1946,932
"949";"2014-10-06";4625,652
"950";"2014-10-07";4099,984
"951";"2014-10-08";4525,244
"952";"2014-10-09";4707,448
"953";"2014-10-10";4707,052
"954";"2014-10-11";4669,036
"955";"2014-10-12";3404,256
"956";"2014-10-13";4501,176
"957";"2014-10-14";4784,008
"958";"2014-10-15";4610,516
"959";"2014-10-16";4773,624
"960";"2014-10-17";4767,244
"961";"2014-10-18";4219,576
"962";"2014-10-19";1705,416
"963";"2014-10-20";3340,896
"964";"2014-10-21";4763,9
"965";"2014-10-22";4808,032
"966";"2014-10-23";4695,348
"967";"2014-10-24";4666,968
"968";"2014-10-25";4629,568
"969";"2014-10-26";3083,76
"970";"2014-10-27";4337,76
"971";"2014-10-28";4644,044
"972";"2014-10-29";4523,924
"973";"2014-10-30";4632,736
"974";"2014-10-31";4562,204
"975";"2014-11-01";4633,264
"976";"2014-11-02";2992,592
"977";"2014-11-03";4518,556
"978";"2014-11-04";4521,284
"979";"2014-11-05";4588,384
"980";"2014-11-06";4574,876
"981";"2014-11-07";4500,076
"982";"2014-11-08";4239,684
"983";"2014-11-09";2152,104
"984";"2014-11-10";4362,312
"985";"2014-11-11";4537,08
"986";"2014-11-12";4487,492
"987";"2014-11-13";4638,94
"988";"2014-11-14";4610,384
"989";"2014-11-15";4194,32
"990";"2014-11-16";1727,724
"991";"2014-11-17";3365,58
"992";"2014-11-18";4547,728
"993";"2014-11-19";4545,088
"994";"2014-11-20";3843,948
"995";"2014-11-21";4459,024
"996";"2014-11-22";4466,284
"997";"2014-11-23";2875,992
"998";"2014-11-24";4113,668
"999";"2014-11-25";4678,76
"1000";"2014-11-26";4528,632
"1001";"2014-11-27";4635,904
"1002";"2014-11-28";4658,3
"1003";"2014-11-29";4568,32
"1004";"2014-11-30";4473,456
"1005";"2014-12-01";4246,768
"1006";"2014-12-02";2079,064
"1007";"2014-12-03";4506,72
"1008";"2014-12-04";4693,28
"1009";"2014-12-05";4744,188
"1010";"2014-12-06";4734,86
"1011";"2014-12-07";3492,916
"1012";"2014-12-08";4651,084
"1013";"2014-12-09";4653,856
"1014";"2014-12-10";4569,332
"1015";"2014-12-11";4655,704
"1016";"2014-12-12";4474,468
"1017";"2014-12-13";4436,232
"1018";"2014-12-14";4526,344
"1019";"2014-12-15";4454,14
"1020";"2014-12-16";4404,024
"1021";"2014-12-17";4443,228
"1022";"2014-12-18";4076,884
"1023";"2014-12-19";1938,528
"1024";"2014-12-20";4186,4
"1025";"2014-12-21";4543,284
"1026";"2014-12-22";4651,568
"1027";"2014-12-23";4666,616
"1028";"2014-12-24";4546,628
"1029";"2014-12-25";3958,392
"1030";"2014-12-26";1851,496
"1031";"2014-12-27";1483,348
"1032";"2014-12-28";4543,856
"1033";"2014-12-29";4578,836
"1034";"2014-12-30";4440,368
"1035";"2014-12-31";4491,628
"1036";"2015-01-01";4565,724
"1037";"2015-01-02";4322,888
"1038";"2015-01-03";3952,1
"1039";"2015-01-04";1490,564
"1040";"2015-01-05";4202,328
"1041";"2015-01-06";4430,468
"1042";"2015-01-07";4377,756
"1043";"2015-01-08";4380,924
"1044";"2015-01-09";4366,8
"1045";"2015-01-10";4419,16
"1046";"2015-01-11";3179,988
"1047";"2015-01-12";4317,256
"1048";"2015-01-13";4444,592
"1049";"2015-01-14";4492,42
"1050";"2015-01-15";4544,032
"1051";"2015-01-16";4243,424
"1052";"2015-01-17";4143,236
"1053";"2015-01-18";1828,088
"1054";"2015-01-19";4367,724
"1055";"2015-01-20";4314,792
"1056";"2015-01-21";4373,928
"1057";"2015-01-22";4460,124
"1058";"2015-01-23";4440,896
"1059";"2015-01-24";4293,012
"1060";"2015-01-25";3404,256
"1061";"2015-01-26";4463,16
"1062";"2015-01-27";4547,156
"1063";"2015-01-28";4391,352
"1064";"2015-01-29";4481,244
"1065";"2015-01-30";4478,868
"1066";"2015-01-31";3881,04
"1067";"2015-02-01";1557,136
"1068";"2015-02-02";1427,468
"1069";"2015-02-03";4322,932
"1070";"2015-02-04";4463,732
"1071";"2015-02-05";4537,564
"1072";"2015-02-06";4479,924
"1073";"2015-02-07";4428,268
"1074";"2015-02-08";3495,292
"1075";"2015-02-09";4246,02
"1076";"2015-02-10";4355,932
"1077";"2015-02-11";4434,78
"1078";"2015-02-12";4517,148
"1079";"2015-02-13";4408,6
"1080";"2015-02-14";4426,552
"1081";"2015-02-15";2676,892
"1082";"2015-02-16";4297,28
"1083";"2015-02-17";4367,68
"1084";"2015-02-18";4036,976
"1085";"2015-02-19";4394,432
"1086";"2015-02-20";4505,4
"1087";"2015-02-21";4463,204
"1088";"2015-02-22";3198,38
"1089";"2015-02-23";4465,536
"1090";"2015-02-24";4530,612
"1091";"2015-02-25";4431,26
"1092";"2015-02-26";4587,68
"1093";"2015-02-27";4549,664
"1094";"2015-02-28";4084,232
"1095";"2015-03-01";2378,968
"1096";"2015-03-02";4412,56
"1097";"2015-03-03";4501,044
"1098";"2015-03-04";4444,284
"1099";"2015-03-05";3898,948
"1100";"2015-03-06";3835,764
"1101";"2015-03-07";4201,14
"1102";"2015-03-08";2240,5
"1103";"2015-03-09";4383,476
"1104";"2015-03-10";4434,12
"1105";"2015-03-11";4416,08
"1106";"2015-03-12";4380,088
"1107";"2015-03-13";4303,132
"1108";"2015-03-14";4173,112
"1109";"2015-03-15";2365,284
"1110";"2015-03-16";4345,416
"1111";"2015-03-17";4504,256
"1112";"2015-03-18";4438,168
"1113";"2015-03-19";4366,14
"1114";"2015-03-20";2593,556
"1115";"2015-03-21";1455,716
"1116";"2015-03-22";4471,828
"1117";"2015-03-23";4557,232
"1118";"2015-03-24";4539,236
"1119";"2015-03-25";4452,688
"1120";"2015-03-26";4193,484
"1121";"2015-03-27";4497,128
"1122";"2015-03-28";4179,8
"1123";"2015-03-29";1855,016
"1124";"2015-03-30";4402,044
"1125";"2015-03-31";4508,744
"1126";"2015-04-01";4168,404
"1127";"2015-04-02";4445,516
"1128";"2015-04-03";4640,612
"1129";"2015-04-04";4214,208
"1130";"2015-04-05";1564,968
"1131";"2015-04-06";4567,968
"1132";"2015-04-07";4645,188
"1133";"2015-04-08";4632,78
"1134";"2015-04-09";4503,244
"1135";"2015-04-10";4616,148
"1136";"2015-04-11";4487,008
"1137";"2015-04-12";2161,564
"1138";"2015-04-13";4503,992
"1139";"2015-04-14";4761,348
"1140";"2015-04-15";4778,288
"1141";"2015-04-16";4613,772
"1142";"2015-04-17";4777,892
"1143";"2015-04-18";4671,236
"1144";"2015-04-19";3400,736
"1145";"2015-04-20";4592,344
"1146";"2015-04-21";4749,864
"1147";"2015-04-22";4832,628
"1148";"2015-04-23";4301,812
"1149";"2015-04-24";4720,428
"1150";"2015-04-25";4685,624
"1151";"2015-04-26";3525,872
"1152";"2015-04-27";4359,056
"1153";"2015-04-28";3786,572
"1154";"2015-04-29";4153,576
"1155";"2015-04-30";4278,712
"1156";"2015-05-01";4584,864
"1157";"2015-05-02";4292,044
"1158";"2015-05-03";1782,284
"1159";"2015-05-04";4390,384
"1160";"2015-05-05";4469,452
"1161";"2015-05-06";4567,484
"1162";"2015-05-07";4578,528
"1163";"2015-05-08";4260,672
"1164";"2015-05-09";4247,164
"1165";"2015-05-10";3602,96
"1166";"2015-05-11";4509,184
"1167";"2015-05-12";4610,34
